{
  "request_id": "test-001",
  "generated_at": "2026-01-02T10:01:12Z",
  "routes": [
    {
      "route_id": "a1b2c3",
      "truck_id": 1,
      "version": 2,
      "status": "active",
      "route": [
        {
          "point_id": "SCTP_01",
          "lat": 17.385,
          "lng": 78.4867
        },
        {
          "point_id": "GVP_02",
          "lat": 17.39,
          "lng": 78.49
        },
        {
          "point_id": "SCTP_01",
          "lat": 17.385,
          "lng": 78.4867
        }
      ],
      "estimated_time_minutes": 83
    }
  ]
}
